lemma	pos	freq
kogu	a	482537
tegemine	s	407180
mõte	s	405073
kodu	s	391079
ettevõte	s	350333
nädal	s	349199
lõpp	s	329785
tegevus	s	326228
pikk	a	253192
jutt	s	243749
abi	s	209431
sõber	s	203409
kogemus	s	196209
tegu	s	192021
õpetaja	s	184215
lugu	s	176610
leping	s	167973
õpilane	s	165784
vabariik	s	165762
tugev	a	151388
idee	s	149876
vaba	a	148034
foto	s	139333
materjal	s	135303
viga	s	134163
tuba	s	127670
nägu	s	123453
süda	s	120257
rada	s	114309
dokument	s	111906
lugemine	s	107619
video	s	97312
kodanik	s	92019
sobiv	a	90862
ratas	s	90370
klubi	s	88024
sõda	s	87101
grupp	s	86663
koduleht	s	85925
rida	s	84655
sügis	s	82557
aken	s	80747
tükk	s	79049
madal	a	78821
kogus	s	78352
jõgi	s	76967
etapp	s	75732
hotell	s	73962
mudel	s	72363
tütar	s	68997
lugeja	s	68894
tegelane	s	68480
tagajärg	s	68214
paber	s	67307
tõde	s	66924
edu	s	66897
kott	s	61233
tuttav	a	60543
mägi	s	59096
õde	s	59023
kogudus	s	58562
pikkus	s	58241
luba	s	56351
abikaasa	s	56240
hobune	s	54400
mugav	a	54132
sekund	s	53696
edukas	a	53695
häda	s	53308
tegelik	a	52623
pidev	a	49005
abielu	s	48870
sadam	s	46231
vabadus	s	45670
tipp	s	45641
tegija	s	43712
vägi	s	43334
kodune	a	43256
tabel	s	43043
blog	s	42800
nupp	s	42488
detail	s	42320
aku	s	41930
tagamine	s	41715
pakk	s	41180
katus	s	41169
õppimine	s	40892
edasine	a	40019
register	s	39799
kogukond	s	39396
odav	a	38814
jagu	s	37583
etendus	s	37495
side	s	37056
sügav	a	36920
ideaalne	a	36374
lipp	s	36173
tugi	s	35842
kütus	s	35634
rakendus	s	34660
õpetus	s	34435
jube	a	34057
takistus	s	34055
segadus	s	33779
tudeng	s	33679
segu	s	33456
lõbus	a	32864
õppekava	s	32792
pudel	s	32743
võti	s	32651
ida	s	32638
tuttav	s	32574
magus	a	32356
jagamine	s	32309
säte	s	31687
pidu	s	31267
pikkune	a	30985
kodumaa	s	30840
kapp	s	30480
näpp	s	30218
äge	a	30133
raport	s	29922
kate	s	29254
õpe	s	29142
igav	a	28728
saba	s	28715
tegutsev	a	28581
iga	s	28579
rikas	a	28440
net	s	28293
nägemine	s	27895
teke	s	27794
mõttetu	a	27629
vitamiin	s	27501
sugulane	s	27419
super	s	27318
lubadus	s	27101
rakk	s	27050
tagumine	a	26944
sõdur	s	26792
vägivald	s	26757
tegur	s	26684
tsitaat	s	26586
vigastus	s	26538
õppejõud	s	26333
pakend	s	26095
kogumine	s	26031
pott	s	25455
vedelik	s	25338
pakutav	a	24826
pakett	s	24779
rekord	s	24351
regioon	s	24292
võte	s	23634
koguaeg	s	23589
sibul	s	23536
pädevus	s	23488
pidamine	s	23255
metall	s	23126
siga	s	22971
ketas	s	22755
sobilik	a	22393
jupp	s	21532
tugevus	s	21329
trepp	s	21304
nipp	s	20889
kogu	s	20888
segane	a	20848
supp	s	20664
pagulane	s	20649
robot	s	20595
pakkuja	s	20030
medal	s	19501
pädev	a	19489
koda	s	19251
patt	s	19179
ladu	s	19166
tekk	s	19151
sagedus	s	19104
tegelev	a	19042
šokolaad	s	18950
õping	s	18688
sokk	s	18579
tekkiv	a	18551
rott	s	18442
nuga	s	18437
edetabel	s	18397
kett	s	18301
lukk	s	18283
pidulik	a	18246
mugavus	s	17547
tädi	s	17347
vabandus	s	17343
nägemus	s	17216
putukas	s	17068
legend	s	16932
igavene	a	16839
sügavus	s	16772
pakkuv	a	16715
õppetöö	s	16688
aparaat	s	16466
lõpetus	s	16450
kapital	s	16117
läbimine	s	15915
õppija	s	15842
õppus	s	15823
ligipääs	s	15615
hobi	s	15467
läbimõõt	s	15436
häbi	s	15215
rõdu	s	15041
kogumik	s	14960
logo	s	14928
nukk	s	14871
sadu	s	14849
kokk	s	14813
tagatis	s	14677
nutikas	a	14433
padi	s	14372
motiiv	s	14278
pidur	s	14061
tsükkel	s	13887
madu	s	13829
labor	s	13587
pipar	s	13448
pettumus	s	13369
kadumine	s	13305
ideaal	s	13303
klikk	s	13254
agentuur	s	13228
raba	s	13208
tegev	a	13044
kabinet	s	12973
ebamugav	a	12970
vägev	a	12902
kutt	s	12873
rikkalik	a	12824
trikk	s	12521
plekk	s	12506
küte	s	12440
õpik	s	12418
tsikkel	s	12321
õppetund	s	12314
käpp	s	12231
udu	s	12193
kataloog	s	12187
hüpe	s	12131
abiline	s	12092
hõbe	s	11966
lagi	s	11954
debatt	s	11912
rikkus	s	11885
prügi	s	11815
riba	s	11718
mobiil	s	11636
kitarr	s	11622
kude	s	11593
puder	s	11592
blogis	s	11444
lett	s	11427
põgenik	s	11397
lõke	s	11256
sobivus	s	11249
pettus	s	11180
klapp	s	11128
rattur	s	11107
jogurt	s	11034
lõputu	a	10998
vedu	s	10982
protest	s	10892
suguvõsa	s	10791
vedel	a	10624
rakett	s	10601
notar	s	10545
vidin	s	10446
pagas	s	10425
lepe	s	10388
matt	s	10364
plokk	s	10310
prokurör	s	10237
sitt	s	10130
mobiilne	a	10070
modell	s	9891
patarei	s	9867
pagan	s	9617
betoon	s	9607
täpp	s	9599
papp	s	9580
läbiv	a	9512
lõbu	s	9501
blogi	s	9481
tekitav	a	9470
napp	a	9463
ott	s	9410
britt	s	9346
abinõu	s	9341
plakat	s	9316
libe	a	9184
hubane	a	9178
agent	s	9064
rebane	s	9019
vigane	a	8997
trükk	s	8928
pataljon	s	8891
lõpetaja	s	8687
tibu	s	8674
sügisene	a	8643
pedagoog	s	8627
nutt	s	8625
latt	s	8585
kodukord	s	8570
hagi	s	8518
abort	s	8418
magamine	s	8417
lakk	s	8406
rituaal	s	8399
etteaste	s	8377
jope	s	8373
tagumik	s	8295
edusamm	s	8258
logi	s	8255
kogum	s	8177
trükis	s	8127
jutustus	s	8089
vikk	s	8053
rätik	s	8029
tagune	a	7992
sidur	s	7990
sugu	s	7990
muda	s	7963
sade	s	7937
vedaja	s	7930
katel	s	7919
ego	s	7892
episood	s	7882
tiba	s	7882
kodutöö	s	7849
igapäev	s	7825
rike	s	7799
tegus	a	7798
päkapikk	s	7791
matus	s	7694
õpituba	s	7672
uba	s	7664
rutiin	s	7635
reporter	s	7611
vapp	s	7546
ikoon	s	7536
hapukoor	s	7452
sadul	s	7448
veteran	s	7436
õppeaine	s	7428
krõbe	a	7386
igakuine	a	7385
pätt	s	7372
tobe	a	7351
kepp	s	7302
pakkumus	s	7285
pragu	s	7208
tõbi	s	7190
lõpp	a	7189
sigaret	s	7108
sepp	s	7042
lapp	s	7038
detailne	a	6933
totaalne	a	6882
vedamine	s	6882
südamlik	a	6841
läbisõit	s	6815
idioot	s	6815
õppur	s	6778
kadu	s	6778
tubakas	s	6748
tapeet	s	6702
habe	s	6676
hukkunu	s	6651
krediit	s	6644
sagedane	a	6642
gripp	s	6639
kukk	s	6620
pada	s	6597
tagamaa	s	6567
edel	s	6531
kapo	s	6524
siduv	a	6514
põder	s	6512
edukus	s	6503
hitt	s	6483
kodukoht	s	6482
šokk	s	6426
igatsus	s	6368
klipp	s	6349
apelsin	s	6342
kagu	s	6308
kodusõda	s	6296
kudumine	s	6272
hapu	a	6253
õppiv	a	6245
idu	s	6222
vapper	a	6199
sidumine	s	6176
tükike	s	6066
udune	a	6063
kade	a	6055
pubi	s	5963
hüpotees	s	5944
vagun	s	5940
ide	s	5935
natuke	s	5933
vaga	a	5897
lage	a	5875
tabamus	s	5874
moto	s	5844
tege	s	5813
sodi	s	5806
kodulinn	s	5783
nukker	a	5783
kadedus	s	5748
ige	s	5731
sitt	a	5725
pidav	a	5721
tige	a	5682
blogija	s	5650
kukal	s	5627
nokk	s	5608
edulugu	s	5595
räpane	a	5570
kabel	s	5566
säde	s	5554
lõputöö	s	5545
tegelt	s	5532
kapott	s	5518
makk	s	5476
pedaal	s	5464
nakkus	s	5437
hõbedane	a	5435
tapp	s	5424
jabur	a	5412
hape	s	5375
ettemaks	s	5373
tõdemus	s	5372
vagu	s	5359
idufirma	s	5351
radar	s	5286
õpetlik	a	5265
lugematu	a	5243
higi	s	5237
nädalane	a	5220
blokk	s	5205
ebaselge	a	5181
top	s	5167
mõttekas	a	5162
äpp	s	5132
sobimatu	a	5128
tikk	s	5099
plika	s	5071
hakk	s	5053
tõke	s	5045
kokkupuu	s	5023
juga	s	5012
kabiin	s	4999
sipelgas	s	4981
koduloom	s	4963
jada	s	4951
luterlik	a	4951
kodukant	s	4920
igavus	s	4920
apostel	s	4871
legaalne	a	4853
pidaja	s	4841
kibe	a	4836
abimees	s	4816
igaljuht	s	4810
modernne	a	4806
idaosa	s	4801
lubamine	s	4773
tripp	s	4756
vetikas	s	4741
identne	a	4739
jakk	s	4733
rukis	s	4706
kakao	s	4695
pidustus	s	4688
debüüt	s	4673
lubamatu	a	4652
vegan	s	4644
tagune	s	4635
lokaalne	a	4630
mega	a	4623
figuur	s	4619
patent	s	4607
budism	s	4591
kuberner	s	4557
setu	s	4534
videos	s	4512
titt	s	4512
papagoi	s	4503
tupp	s	4452
mutt	s	4440
segamine	s	4427
labane	a	4399
sugukond	s	4375
südalinn	s	4371
kadakas	s	4371
kübar	s	4361
tagakülg	s	4352
äkiline	a	4326
nõbu	s	4318
return	s	4315
makaron	s	4306
not	s	4298
redel	s	4278
südaöö	s	4271
pakane	s	4231
prügila	s	4225
ike	s	4215
mutter	s	4152
igavik	s	4151
üdi	s	4148
kogumaht	s	4143
that	s	4129
tugitool	s	4122
rabarber	s	4122
tita	s	4105
mõtetu	s	4104
koduaed	s	4086
õpitu	s	4084
vapustav	a	4082
kodutu	a	4076
sage	a	4070
topp	s	4051
pekk	s	4038
õppelaen	s	4032
pikendus	s	4024
vatt	s	4021
jagaja	s	4015
õppepäev	s	3986
labidas	s	3983
lõppev	a	3955
tekitaja	s	3940
leke	s	3940
mätas	s	3937
rippuv	a	3927
kodutee	s	3903
tugiisik	s	3868
sukk	s	3861
brigaad	s	3859
adapter	s	3857
okas	s	3849
ebaaus	a	3841
vedur	s	3814
kopp	s	3806
hageja	s	3795
mode	s	3779
kattev	a	3764
doping	s	3744
hüpoteek	s	3738
tribüün	s	3726
fotoka	s	3724
põgus	a	3717
kopikas	s	3711
setomaa	s	3708
abistav	a	3700
latern	s	3698
õppekeel	s	3693
takisti	s	3679
madis	s	3665
eduseis	s	3661
tagaiste	s	3655
õppetool	s	3653
ebasobiv	a	3650
rutiinne	a	3641
protees	s	3641
magister	s	3623
ebaõige	a	3618
vokaal	s	3615
tagavara	s	3611
natt	s	3589
tatar	s	3577
abiraha	s	3573
tokk	s	3567
regatt	s	3562
kütt	s	3557
õppemaks	s	3553
patune	a	3550
etikett	s	3548
ebaõnn	s	3543
mudilane	s	3541
seto	s	3525
tigu	s	3521
käbi	s	3516
pagar	s	3507
hügieen	s	3505
läpaka	s	3494
loterii	s	3485
proteiin	s	3478
kuppel	s	3476
popp	a	3464
radika	s	3463
tegemata	a	3461
igalpool	s	3435
õppereis	s	3432
tagaosa	s	3428
trupp	s	3419
tegelnud	a	3415
abitu	a	3414
hekk	s	3389
pukk	s	3364
abistaja	s	3356
kotike	s	3350
naba	s	3347
vat	s	3328
südamik	s	3324
kadunu	s	3299
igakord	s	3268
pidupäev	s	3232
tikand	s	3231
koguja	s	3220
segakoor	s	3220
küttepuu	s	3188
lagunev	a	3184
radikaal	s	3169
jobu	s	3157
lipulaev	s	3148
liberaal	s	3135
õpp	s	3125
kodutu	s	3124
sedaan	s	3116
lokk	s	3101
ropp	a	3100
ribi	s	3100
lubatu	a	3092
glükoos	s	3075
täkk	s	3073
äpi	s	3069
produkt	s	3062
lõpetanu	s	3055
nappus	s	3028
statiiv	s	3022
õppekoht	s	3019
like	s	3018
takistav	a	3017
hukk	s	3014
koguarv	s	3012
rüpp	s	2981
kudum	s	2965
krõbin	s	2965
sete	s	2964
nõges	s	2961
magu	s	2946
kuda	s	2923
tabamine	s	2919
tagala	s	2913
oponent	s	2911
kadett	s	2896
häkker	s	2890
sugupuu	s	2890
sügelus	s	2881
seto	a	2876
jutukas	a	2868
tšekk	s	2855
sugune	a	2853
oder	s	2841
lutt	s	2838
matt	a	2837
logopeed	s	2833
idapiir	s	2827
põdev	a	2820
vigur	s	2808
oda	s	2800
kodumäng	s	2798
tagasild	s	2796
sidusus	s	2791
õdus	a	2789
sett	s	2785
photo	s	2780
mopeed	s	2779
ebatäpne	a	2771
mateeria	s	2767
sügavune	a	2763
läbitav	a	2755
nägus	a	2747
popp	s	2739
tabu	s	2734
pepu	s	2732
mage	a	2730
jutumärk	s	2719
tagatuba	s	2718
bitt	s	2706
lõpuosa	s	2696
regi	s	2694
abihoone	s	2680
hägune	a	2678
ettur	s	2673
nigel	a	2670
hakkav	a	2660
lubatav	a	2648
snäkk	s	2642
nägija	s	2627
segav	a	2622
edendaja	s	2611
rätt	s	2609
metafoor	s	2602
paduvihm	s	2599
mäda	s	2596
totter	a	2595
teguviis	s	2592
kubu	s	2590
vutt	s	2587
okaspuu	s	2583
sõdalane	s	2579
sopp	s	2576
mägine	a	2574
tuginev	a	2573
abikäsi	s	2573
rügement	s	2566
ekool	s	2565
madonna	s	2562
papa	s	2561
led	s	2557
kabe	s	2543
edev	a	2533
libahunt	s	2529
kepikõnd	s	2519
labürint	s	2516
sid	s	2515
kupatus	s	2513
app	s	2512
statuut	s	2507
pokker	s	2505
hobujõud	s	2501
kateeder	s	2499
ateljee	s	2480
tatt	s	2470
sedel	s	2466
laba	s	2466
logimine	s	2463
idamaine	a	2457
sott	s	2444
tropp	s	2444
sigadus	s	2441
kukkel	s	2441
mudane	a	2440
kodar	s	2433
koduka	s	2429
nigu	s	2428
loto	s	2423
kobe	a	2417
lepp	s	2417
äpardus	s	2412
ligu	s	2412
mõttetus	s	2408
kapuuts	s	2404
breket	s	2400
edendav	a	2391
käkk	s	2390
tubane	a	2389
lõppenud	a	2387
kupee	s	2380
pettur	s	2379
rekka	s	2369
tukk	s	2360
litter	s	2360
lade	s	2354
tabav	a	2347
batuut	s	2338
kükk	s	2322
kukeseen	s	2317
agar	a	2317
kaka	s	2302
suguline	a	2299
utoopia	s	2288
deposiit	s	2287
lapik	a	2283
kogetu	s	2282
kogemine	s	2282
mekk	s	2267
lõpus	s	2265
hapukas	a	2249
cid	s	2236
sädelev	a	2231
võttev	a	2227
rikkuja	s	2223
tagav	a	2221
hakkaja	a	2212
lugem	s	2198
ligimene	s	2192
mäger	s	2192
õpetlane	s	2188
populism	s	2181
käputäis	s	2178
ebakõla	s	2178
ateist	s	2172
lubi	s	2151
nagi	s	2150
tappev	a	2141
edevus	s	2140
tagatuli	s	2138
gluteen	s	2138
tagajalg	s	2114
idamaa	s	2108
papi	s	2106
nutune	a	2105
digiboks	s	2087
higine	a	2087
pedofiil	s	2085
kätetöö	s	2081
ader	s	2081
pede	s	2079
tõkkepuu	s	2076
dokk	s	2065
magav	a	2061
võtt	s	2053
regilaul	s	2046
sugulus	s	2044
rikkur	s	2039
jutuke	s	2037
vedelev	a	2031
kodulaen	s	2031
hädine	a	2024
vabastav	a	2022
fotokala	s	2022
madalik	s	2019
kippuv	a	2018
nädalake	s	2016
okupant	s	2014
õpitav	a	2000
vibu	s	1996
kaduv	a	1996
lagendik	s	1996
vedav	a	1990
dekaan	s	1989
häbelik	a	1988
pakiruum	s	1987
nikotiin	s	1987
edumaa	s	1982
ripats	s	1975
rebimine	s	1967
rokk	s	1965
mokk	s	1960
mugul	s	1947
õppekäik	s	1941
makett	s	1925
opi	s	1923
aka	s	1913
plugin	s	1908
grupitöö	s	1907
näpuots	s	1905
libedus	s	1903
mugu	s	1902
lõpparve	s	1901
lageraie	s	1894
läbinu	s	1891
buduaar	s	1891
tüdimus	s	1873
šokeeriv	a	1871
tutt	s	1867
kobar	s	1866
tapamaja	s	1866
vabastus	s	1866
edit	s	1862
uputus	s	1861
bikiinid	s	1848
hädaoht	s	1845
ebola	s	1843
kratt	s	1842
sekeldus	s	1842
sapp	s	1840
pakike	s	1840
hetero	s	1839
liköör	s	1838
vrakk	s	1837
kogutav	a	1828
viperus	s	1825
proge	s	1823
pokaal	s	1823
kodanlik	a	1817
nakkav	a	1816
lubav	a	1813
tegeleja	s	1812
tüdinud	a	1808
but	s	1807
kiku	s	1807
roppus	s	1806
vigane	s	1797
kokaiin	s	1789
kodumaja	s	1780
media	s	1777
kägu	s	1773
jubin	s	1759
pop	s	1756
kütteõli	s	1752
redis	s	1745
netipood	s	1744
jututuba	s	1742
sebimine	s	1742
jupike	s	1737
kotitäis	s	1732
vabaaeg	s	1731
koppel	s	1728
tib	s	1724
meta	s	1720
product	s	1718
madal	s	1718
etalon	s	1716
metal	s	1684
modem	s	1682
pakatav	a	1679
nutikus	s	1675
tagauks	s	1675
ebay	s	1673
egiid	s	1671
katt	s	1669
sugupool	s	1668
abitus	s	1666
lobitöö	s	1660
paganlik	a	1658
statu	s	1658
dogi	s	1657
kuku	a	1654
vikat	s	1654
kagutuul	s	1648
rabav	a	1642
koduturg	s	1642
metaan	s	1641
jäte	s	1639
motikas	s	1633
supper	s	1630
petis	s	1630
data	s	1629
tagamõte	s	1621
kupong	s	1611
koduõu	s	1610
pütt	s	1608
hoki	s	1608
läbimärg	a	1602
lepitus	s	1601
platoo	s	1598
rabe	a	1598
kogukulu	s	1593
nupuke	s	1588
öko	s	1588
tagaluuk	s	1582
hakkanud	a	1580
mäda	a	1573
kakk	s	1572
läte	s	1571
netileht	s	1567
täpike	s	1565
agenda	s	1564
about	s	1562
lapitekk	s	1560
koguv	a	1559
segisti	s	1557
hipi	s	1550
abipalve	s	1547
reg	s	1541
tegusõna	s	1538
kipp	s	1537
akord	s	1535
dot	s	1535
suguharu	s	1535
ideeauto	s	1534
krabi	s	1534
tutika	s	1532
sokkel	s	1525
igivana	a	1523
sidekude	s	1523
titaan	s	1523
kibuvits	s	1522
igastahe	s	1518
dekaad	s	1517
õpetatav	a	1514
kabala	s	1509
õpperada	s	1507
klikkida	s	1506
dig	s	1504
õppevorm	s	1501
hakkata	s	1499
lõpuaeg	s	1499
etanool	s	1499
mõttetöö	s	1496
koduriik	s	1488
ite	s	1488
lepitaja	s	1486
tädike	s	1484
loba	s	1483
retuusid	s	1482
kadastik	s	1481
lepik	s	1480
libe	s	1478
läbipääs	s	1474
räppar	s	1471
rattatee	s	1471
videvik	s	1468
pakutu	s	1466
koduküla	s	1466
katalaan	s	1465
akordion	s	1463
latikas	s	1462
vip	s	1459
uppumine	s	1451
shokk	s	1450
rogain	s	1447
strateeg	s	1446
libesti	s	1446
klopp	s	1444
hapukurk	s	1441
vabanev	a	1440
kaguosa	s	1440
dekoltee	s	1439
jagatav	a	1435
magamata	a	1435
ladumine	s	1432
hot	s	1432
segaja	s	1430
kokkuost	s	1428
koduuks	s	1420
piduline	s	1418
superhea	a	1415
siga	a	1415
tugijaam	s	1414
libisev	a	1413
tugevune	a	1410
sagimine	s	1409
koge	s	1406
abu	s	1403
tagahoov	s	1402
läkitus	s	1399
napakas	a	1396
tagasein	s	1394
läbu	s	1392
blokaad	s	1392
blogiss	s	1391
suge	s	1387
node	s	1386
sepikoda	s	1386
idakaar	s	1384
idiootne	a	1380
robustne	a	1380
depoo	s	1375
läbimüük	s	1368
papu	s	1367
laguun	s	1367
magusus	s	1365
lüke	s	1364
tagakaas	s	1361
klikka	s	1358
ragin	s	1354
õpipoiss	s	1353
egoism	s	1352
botaanik	s	1349
taburet	s	1347
rägastik	s	1347
abivajav	a	1342
tõbine	a	1342
näpukas	s	1337
neto	s	1337
hütt	s	1335
reket	s	1334
nikkel	s	1331
reduktor	s	1330
kodusein	s	1324
rikkis	a	1323
akustika	s	1320
budist	s	1314
make	s	1310
pagulus	s	1306
nett	s	1303
mapp	s	1303
support	s	1302
rake	s	1297
happesus	s	1297
vatiin	s	1296
rate	s	1296
täke	s	1291
sättumus	s	1290
stopper	s	1289
tupik	s	1286
vabalevi	s	1284
kadalipp	s	1283
opp	s	1283
sat	s	1280
natuur	s	1275
hädaline	s	1268
udutuli	s	1268
judaism	s	1268
käpik	s	1267
mate	s	1267
hagijas	s	1266
site	s	1263
tugevdav	a	1260
pubekas	a	1260
nibu	s	1259
ebausk	s	1256
tegeldud	a	1255
jagav	a	1254
dattel	s	1253
rebend	s	1249
täpiline	a	1249
kittel	s	1246
vakk	s	1245
agility	s	1243
koputus	s	1241
motell	s	1237
netopalk	s	1237
tagi	s	1235
utt	s	1234
pidulaud	s	1233
jutustav	a	1232
suguelu	s	1232
tid	s	1231
nokaut	s	1230
trading	s	1229
get	s	1229
patogeen	s	1228
vabaturg	s	1226
näputöö	s	1223
rikkuv	a	1222
debiilik	s	1221
vabakava	s	1221
lab	s	1220
satanist	s	1219
käterätt	s	1217
kodukino	s	1210
products	s	1209
sigar	s	1208
lipiid	s	1208
pid	s	1207
kuduja	s	1206
dopamiin	s	1205
kitt	s	1204
lõpetav	a	1202
madin	s	1200
vabavise	s	1199
edelaosa	s	1198
apollo	s	1198
tegumood	s	1192
iteks	s	1191
geto	s	1190
odavus	s	1189
pete	s	1189
jubedus	s	1187
tagastus	s	1185
gabariit	s	1184
sogane	a	1183
tagapõhi	s	1181
operett	s	1179
abiruum	s	1178
spagett	s	1178
metalne	a	1177
mõteka	s	1169
totu	s	1166
idüll	s	1162
mõtekam	s	1161
idaserv	s	1160
sakk	s	1160
veganlus	s	1159
taguots	s	1156
õpetav	a	1155
ladus	a	1152
flopp	s	1149
bruto	s	1143
ateism	s	1141
idealism	s	1140
tugevnev	a	1138
õppeaeg	s	1136
bike	s	1136
koguteos	s	1135
ideeline	a	1135
nukufilm	s	1134
kogunev	a	1133
tagaots	s	1132
natu	s	1130
kodukulu	s	1127
jupiter	s	1125
odavise	s	1122
ndate	s	1122
pikivahe	s	1120
pigi	s	1118
set	s	1117
koba	s	1116
tapetu	s	1116
hakatus	s	1114
bad	s	1106
detektor	s	1105
magasin	s	1105
koger	s	1101
vokk	s	1100
ebamaine	a	1100
nutikell	s	1095
trapets	s	1094
nobe	a	1094
magaja	s	1091
mõttekus	s	1087
made	s	1087
vapustus	s	1086
satiir	s	1085
ebajumal	s	1084
takk	s	1083
open	s	1080
kodutalu	s	1080
magevesi	s	1080
mid	s	1078
akupank	s	1075
spido	s	1073
nakatunu	s	1072
liturgia	s	1072
judo	s	1072
stopp	s	1065
age	s	1062
pügal	s	1059
ebaedu	s	1058
pugemine	s	1058
tab	s	1054
kattuv	a	1052
fotokas	s	1051
vägitegu	s	1046
hapupiim	s	1046
lõbustus	s	1043
ebapädev	a	1041
mädane	a	1040
sekk	s	1038
nud	s	1038
kabi	s	1038
hubasus	s	1037
pidusöök	s	1037
mutant	s	1036
suguühe	s	1035
kopeer	s	1034
kukkur	s	1033
regamine	s	1032
spikker	s	1030
ekipaaž	s	1030
kõpp	s	1029
shit	s	1029
stepp	s	1028
hepatiit	s	1027
kokandus	s	1022
kube	s	1021
päkk	s	1021
kodulind	s	1019
rabi	s	1019
big	s	1018
satanism	s	1017
agu	s	1015
kübe	s	1013
näkk	s	1011
jaburus	s	1010
äpu	a	1006
tikker	s	1005
uppuv	a	1003
nuttev	a	1001
batoon	s	999
kapiuks	s	998
nadi	a	998
kukkuv	a	998
taba	s	995
vägilane	s	995
brokoli	s	991
egoist	s	991
motoorne	a	991
näpe	s	990
pagi	s	990
kadunuke	s	989
kodupaik	s	983
šikk	a	983
õpiränne	s	982
sattunu	s	981
abivägi	s	979
pikett	s	978
segatu	s	977
mupo	s	977
kodurahu	s	977
fataalne	a	976
mägitee	s	974
pagass	s	973
eterniit	s	972
lodi	s	971
ikaldus	s	970
hukatus	s	970
sagin	s	970
medõde	s	968
hädaabi	s	968
vutimuna	s	967
totakas	a	964
pakiline	a	964
jep	s	964
sõge	a	958
debiilne	a	958
kubatuur	s	957
blogist	s	955
vik	s	954
nodi	s	953
lipik	s	952
topis	s	951
tuttuus	a	951
läpakas	s	950
videode	s	950
lebav	a	950
megavatt	s	950
sädelus	s	945
koduvald	s	945
sügavik	s	945
sugupõlv	s	944
vabavara	s	941
blogiga	s	936
trikoo	s	933
tugevdus	s	933
gup	s	932
trip	s	932
tikutuli	s	931
setter	s	930
kodukass	s	929
red	s	928
koduväi	s	927
koduõpe	s	926
sitane	a	923
sidevõrk	s	917
item	s	917
kupüür	s	917
põdemine	s	916
veto	s	916
catering	s	915
dega	s	913
sepik	s	908
ladin	s	908
nõgus	a	904
sodiaak	s	904
pidand	s	903
kidur	a	903
sügelev	a	902
tagatiib	s	902
koduhoov	s	902
plagiaat	s	902
läbimatu	a	900
pakiraam	s	900
kakumägi	s	900
plätu	s	897
vader	s	893
modern	a	892
kogupind	s	891
lapike	s	891
vabadik	s	891
sed	s	890
midag	s	889
sokolaad	s	889
sõdimine	s	888
pettunu	s	885
sakiline	a	883
pudi	s	882
nugis	s	882
libiido	s	879
lateks	s	879
mob	s	878
täpitäht	s	877
kogukas	a	876
õppevara	s	876
hagu	s	874
ebaterve	a	872
pügamine	s	871
futuur	s	869
tatikas	s	868
sigala	s	868
pett	s	867
ikkag	s	864
tabamatu	a	863
agoonia	s	863
täbar	a	863
ideoloog	s	862
lõbusõit	s	862
oga	s	857
setting	s	857
mite	s	856
code	s	855
mutike	s	855
tatine	a	854
akuutne	a	852
trukk	s	851
radikas	s	851
logitu	s	851
sidus	a	851
ligidus	s	849
klikate	s	847
tagaaed	s	846
tagaruum	s	843
pediküür	s	842
tribunal	s	841
kodusaal	s	839
logistik	s	839
pabul	s	838
soga	s	835
iba	s	831
etüüd	s	831
cat	s	830
sigimine	s	828
meka	s	828
okkaline	a	827
lego	s	827
digi	s	826
netopind	s	826
labasus	s	825
abisaaja	s	825
pederast	s	824
sikk	s	822
nadala	s	820
lekkiv	a	820
tibake	a	818
pedajas	s	817
tagurlik	a	812
edastus	s	811
nadi	s	811
catalog	s	811
podagra	s	810
õpiring	s	810
udukogu	s	809
lebo	s	808
med	s	807
sikupill	s	807
igatsugu	s	805
õpperühm	s	805
kupp	s	801
populist	s	800
negatiiv	s	799
utiliit	s	798
nõgi	s	797
noku	s	797
häbiasi	s	794
sapipõis	s	794
hobu	s	793
näpuviga	s	793
hädakisa	s	792
pagasnik	s	791
kattuvus	s	791
õppesõit	s	788
rikastav	a	788
segamets	s	788
idealist	s	787
üte	s	786
sügamine	s	784
pupill	s	784
madeira	s	784
fotojaht	s	784
kibedus	s	783
kräpp	s	782
atentaat	s	782
gigant	s	782
põgenev	a	781
bataat	s	781
idatuul	s	780
vitt	s	777
kagunurk	s	777
sapiens	s	777
akupaak	s	776
kat	s	775
vägevus	s	774
lobi	s	772
stop	s	770
klõbin	s	769
vedel	s	769
shopping	s	768
tag	s	768
mõtekas	s	767
uppuja	s	767
faking	s	766
sideaine	s	766
ipadi	s	765
lutikas	s	764
ned	s	762
kogutulu	s	761
möga	s	761
sügisilm	s	761
südasuvi	s	760
jobu	a	757
lokaal	s	757
tragi	a	756
pegasus	s	756
lõpuvile	s	755
judin	s	755
pikantne	a	755
literaat	s	755
lõpe	s	753
akutrell	s	750
rutt	s	749
sitikas	s	747
netovara	s	746
mädanik	s	745
fotokogu	s	744
kutu	s	743
lugemus	s	741
tape	s	741
vadi	s	738
sub	s	738
fake	s	737
radoon	s	736
trapp	s	734
röga	s	734
votta	s	733
kikilips	s	732
vapimärk	s	732
ogar	a	732
lõpujoon	s	731
idarinne	s	731
chip	s	730
totakas	s	729
tagakeha	s	728
säga	s	726
regent	s	726
vötta	s	725
klikates	s	725
rokkar	s	724
häbematu	a	724
rukola	s	723
lipuke	s	721
sepaonu	s	721
puding	s	720
tippaeg	s	720
lott	s	719
cup	s	719
kubisev	a	718
vitaalne	a	718
heb	s	718
pappel	s	717
häbipost	s	717
kipitus	s	717
vet	s	713
ökopood	s	713
epiloog	s	713
idablokk	s	710
südametu	a	710
agul	s	710
tõkend	s	709
labajalg	s	709
õppefilm	s	709
nid	s	707
õppetükk	s	706
sätendav	a	706
mägismaa	s	706
login	s	706
igamees	s	706
bit	s	704
õppekulu	s	704
ita	s	703
udar	s	701
tekikott	s	701
lipupäev	s	701
sadist	s	700
kida	s	699
tippaja	s	698
päde	s	697
räpp	s	696
jagamatu	a	696
tsikk	s	695
süttiv	a	694
sobi	s	693
nede	s	693
põdeja	s	693
tobedus	s	693
ukaas	s	692
kit	s	691
sutt	s	691
läbilöök	s	690
natukene	s	687
trükiarv	s	686
suguti	s	686
debütant	s	685
tibuke	s	685
supilinn	s	684
lõpupeo	s	684
edastaja	s	684
lõpupidu	s	684
pudin	s	682
jagamata	a	682
õpioskus	s	682
lõpupäev	s	682
mott	s	681
nagin	s	681
naga	s	680
vabakonn	s	679
luterlus	s	679
räbal	s	677
kodusaar	s	677
ätt	s	677
lõppaste	s	677
tagaja	s	677
again	s	677
kebab	s	676
vagiina	s	674
pidurdus	s	674
protecte	s	672
sattuv	a	670
õpperuum	s	669
hukatu	s	668
madalsoo	s	668
nippel	s	666
kakaovõi	s	666
topic	s	665
supiköök	s	665
apostlik	a	665
kikkis	a	664
kodanlus	s	664
teder	s	664
tigedus	s	663
läkaköha	s	663
hakitu	s	661
sabaots	s	661
krõbusk	s	660
metanool	s	659
rodu	s	657
sõba	s	657
take	s	657
dekoor	s	654
mugandus	s	654
pudelike	s	654
vagel	s	653
let	s	653
dog	s	650
kakuke	s	650
digibox	s	649
nukumaja	s	648
kodutoit	s	647
mat	s	647
rakendav	a	647
lugemik	s	647
litakas	s	646
slogan	s	646
madar	s	645
lodev	a	645
labiilne	a	644
kudemine	s	644
rõduuks	s	644
zip	s	644
date	s	643
shop	s	642
tädipoeg	s	642
jet	s	641
setup	s	641
hüppaja	s	640
lagipea	s	639
uduvihm	s	638
club	s	637
pagendus	s	636
pagun	s	635
chat	s	635
tak	s	633
vägavä	s	632
sidesõna	s	629
idand	s	629
õpikoda	s	628
sõdiv	a	628
kodinad	s	627
sideamet	s	626
logisev	a	626
agarus	s	624
mediaan	s	624
oki	s	624
pakitu	s	623
suga	s	623
hobikord	s	623
kribada	s	622
koduõlu	s	622
lugev	a	621
bagi	s	621
tigekala	s	621
lokkav	a	620
läbiviik	s	618
map	s	618
vadak	s	618
nokia	s	618
kübeke	s	617
patakas	s	616
dok	s	615
koduköök	s	614
jakuut	s	613
räppari	s	611
sõkal	s	611
kadund	s	610
rakis	s	610
legaat	s	610
rikutus	s	607
sadevesi	s	607
tupeseen	s	606
feta	s	604
bituumen	s	604
apaatne	a	604
mod	s	601
läppari	s	601
nokamüts	s	600
ebaküps	a	599
potisepp	s	598
õppetasu	s	598
katood	s	598
meteoor	s	598
hädas	a	597
nabanöör	s	597
mutukas	s	596
pidurdav	a	596
fat	s	596
rakenduv	a	596
mudelist	s	595
sepatöö	s	595
käkitegu	s	594
pabin	s	594
lotovõit	s	593
rakend	s	592
vägijook	s	589
vokalist	s	589
segarühm	s	587
südikas	a	586
edastav	a	585
abaluu	s	584
kodundus	s	583
löga	s	583
lipumast	s	583
sütitav	a	582
rubiin	s	582
kodusiga	s	582
mädanev	a	582
rakuke	s	582
katik	s	582
jutuvada	s	581
kogupere	a	580
abijõud	s	579
netipulk	s	578
tsipa	s	577
settings	s	576
lapitöö	s	576
lapimaa	s	576
pote	s	575
did	s	575
okei	s	574
tabalukk	s	574
lukustus	s	574
abajas	s	574
logifail	s	574
tagarehv	s	573
koduvein	s	572
kobin	s	572
klikkige	s	572
sakalane	s	571
nake	s	570
letihind	s	570
nõder	a	569
epohh	s	568
kabaree	s	568
näpits	s	567
god	s	567
vatipadi	s	567
läga	s	567
pugeja	s	567
nadu	s	567
raputav	a	566
meduus	s	566
kukkuja	s	564
lukuauk	s	563
obelisk	s	562
motomees	s	561
nikerdus	s	561
nõgu	s	561
vad	s	560
laborant	s	559
brikett	s	558
räbal	a	558
habemik	s	558
adenoid	s	554
ebatõhus	a	554
krigin	s	554
jutukogu	s	554
ribosoom	s	554
stabika	s	553
magala	s	553
jokker	s	552
kokakool	s	552
sapikivi	s	552
ökoloog	s	550
sitapea	s	550
botas	s	550
ebalev	a	549
ebapuhas	a	549
mop	s	549
litt	s	548
sapine	a	548
pikap	s	548
kupar	s	548
udupeen	a	547
kataster	s	547
nutulaul	s	546
hobiauto	s	546
giga	s	546
kogumass	s	546
epiteet	s	546
šedööver	s	545
beta	s	544
lipuvärv	s	544
jugapuu	s	543
nägev	a	543
potents	s	543
tekike	s	541
ika	s	541
katakomb	s	540
kodulugu	s	540
jõgikond	s	540
patiseis	s	540
atoll	s	539
blogisi	s	539
sätestav	a	537
käpaline	s	537
lõbumaja	s	535
käpake	s	535
kätepesu	s	534
natike	a	534
sugutung	s	532
õppimis	s	532
brokkoli	s	531
pide	s	531
tagarida	s	530
vagur	a	529
satikas	s	528
gradient	s	527
statist	s	526
mit	s	526
õppinu	s	526
kogetav	a	526
got	s	525
läbija	s	525
step	s	525
digika	s	524
regada	s	524
hägus	a	523
edutu	a	523
kodukakk	s	522
kibe	s	522
tapatöö	s	521
nott	s	521
hõbemünt	s	521
paganlus	s	519
mudu	s	518
igikelts	s	518
nopped	s	516
sepis	s	513
ugalane	s	513
ökoküla	s	511
jap	s	511
veda	s	510
had	s	508
supaka	s	508
rakurss	s	508
vakantne	a	507
hub	s	507
potilill	s	506
motopood	s	505
metodist	s	505
medium	s	504
kodukale	a	503
grotesk	s	503
rotu	s	503
plekine	a	502
tükiline	a	501
vabamüük	s	501
näkileib	s	501
lugulaul	s	501
opel	s	500
kappar	s	500
lik	s	499
sprott	s	499
igavlev	a	498
juku	s	498
hägusus	s	498
fakk	s	498
spidoka	s	497
judokas	s	497
kogukaal	s	497
vabaaine	s	497
sudu	s	497
õgimine	s	496
raputus	s	496
laga	s	496
tip	s	495
beduiin	s	494
strippar	s	494
ligiolu	s	494
vlog	s	494
krabin	s	493
igand	s	493
dating	s	493
vokaalne	a	492
hobujaam	s	492
akupakk	s	491
eba	s	490
mägiküla	s	489
nägemis	s	488
editor	s	488
kukeke	s	486
läbivus	s	486
kapinurk	s	486
kodukokk	s	485
lopuks	s	485
luger	s	484
põgeneja	s	483
jagatu	s	483
kage	s	483
näputäis	s	482
jaburdus	s	482
põdur	a	482
kodalane	s	482
segapaar	s	481
digilevi	s	478
zlott	s	477
tükitöö	s	477
rabamatk	s	477
kukehari	s	476
aga	s	475
vatitikk	s	475
bet	s	474
suguvend	s	474
sapakas	s	474
mägimatk	s	474
lobist	s	474
pude	a	474
hakand	s	474
nudist	s	473
koputaja	s	472
loputus	s	471
nakatav	a	471
igalühe	s	470
lipukiri	s	470
igaküla	s	470
nupukas	a	469
sopane	a	468
mett	s	467
split	s	467
lada	s	467
opaal	s	466
apaatia	s	466
koguhulk	s	466
cap	s	464
ökotoode	s	464
kodupool	s	463
stäkk	s	460
identsus	s	460
bug	s	459
poteka	s	459
uppunu	s	459
rabarock	s	459
riga	s	458
tagavedu	s	457
abiaine	s	457
digipilt	s	457
südikus	s	455
hukutav	a	455
pat	s	455
liba	s	453
spot	s	453
häbitu	a	453
libu	s	452
hop	s	451
latiino	s	451
ikene	s	450
madaldus	s	449
rabajärv	s	448
kakaouba	s	448
mõtte	s	446
kodukoer	s	446
pagei	s	445
itimees	s	444
tikutops	s	444
tšikk	s	442
pagemine	s	442
liga	s	442
eda	s	441
plate	s	441
bot	s	441
potitaim	s	440
latentne	a	440
kabuhirm	s	439
topaas	s	439
trükitu	s	439
idea	s	439
putin	s	438
mögin	s	438
rabandus	s	437
õppesisu	s	437
fotokott	s	436
soperdis	s	436
vagadus	s	436
kodukeel	s	435
jutumees	s	434
kudu	s	434
zed	s	434
über	s	433
medaljon	s	433
nipitiri	s	433
lõkkease	s	431
magic	s	431
glög	s	431
igatsev	a	430
taganev	a	429
südatalv	s	429
südi	a	429
katend	s	429
metallik	s	429
pipett	s	428
vabakäik	s	428
idapool	s	428
pugu	s	428
itus	s	428
brigadir	s	427
sagar	s	427
hõbehall	a	426
tagaaken	s	426
kobakas	s	426
better	s	425
äki	s	425
butiik	s	424
koduaken	s	424
idakülg	s	424
näpujälg	s	423
rakuline	a	422
tsekk	s	422
edition	s	421
okasmets	s	421
bukett	s	421
gigantne	a	421
kütiorg	s	421
sügiskuu	s	420
tibin	s	420
baka	s	420
kaduvus	s	420
veduk	s	419
okulaar	s	419
potitäis	s	418
ägedus	s	418
stäk	s	417
kipper	s	417
sukapüks	s	416
lõbusus	s	416
trekk	s	415
möte	s	415
details	s	415
digilugu	s	414
atakk	s	414
kiki	s	413
bobi	s	412
vabanenu	s	412
igayks	s	411
kütipolk	s	411
jukola	s	411
hüppav	a	410
rutakas	a	409
kogenu	s	409
frakk	s	409
tigekull	s	408
tagakäpp	s	407
plagu	s	406
category	s	406
õppemäng	s	406
tugiost	s	405
mõtetud	a	405
katapult	s	404
räpasus	s	404
rotike	s	403
pidevus	s	402
biker	s	402
sugurakk	s	401
suport	s	401
jagatav	s	401
südameke	s	400
lakikiht	s	399
drag	s	399
tupenurm	s	399
labakäsi	s	398
sateliit	s	398
udujutt	s	398
gepard	s	397
ütelus	s	397
koka	s	396
fopaa	s	396
cut	s	396
idika	s	396
rakutuum	s	395
sokipaar	s	395
kõbus	a	394
mükoloog	s	394
žetoon	s	393
megabait	s	393
smoking	s	393
vabandav	a	392
ketendav	a	392
nobelist	s	392
kaba	s	392
krõbisev	a	392
bitine	a	392
käbe	a	392
chopper	s	392
udusulg	s	391
jättev	a	391
šnitt	s	391
tugirühm	s	391
tugijalg	s	389
kodaline	a	389
epa	s	389
ebapüsiv	a	388
poku	s	386
käpard	s	386
debiil	s	386
obadus	s	385
okey	s	385
kodukana	s	384
koduleib	s	384
häbistav	a	384
läppar	s	383
jagunev	a	383
kodumets	s	383
sobituv	a	383
nato	s	382
lapiline	a	382
kodukas	s	382
repiiter	s	381
epo	s	381
rabasaar	s	381
uga	s	380
kodutus	s	380
tagaside	s	378
kipakas	a	378
bretoon	s	378
tõtt	s	377
sapitee	s	377
igus	s	377
mote	s	376
tobias	s	375
kodupood	s	373
õppejuht	s	373
käkerdis	s	373
epee	s	373
logar	s	372
mudimine	s	372
topiline	a	372
õppebaas	s	371
log	s	371
dekooder	s	371
tobi	s	371
uduka	s	371
neg	s	370
tsik	s	370
material	s	370
petetu	s	369
lõpufaas	s	369
lubaja	s	369
blogisne	a	369
ratio	s	369
sütik	s	367
sabarakk	s	367
broker	s	367
hate	s	366
kriba	s	366
mägijõgi	s	366
jätis	s	366
rabamine	s	365
sabin	s	364
abilaen	s	364
pakis	s	364
sadav	a	364
fregatt	s	364
sokilõng	s	364
nukuke	s	363
sake	s	363
lugus	s	363
mad	s	362
gigabait	s	362
kadunud	a	362
kakamine	s	362
mügarik	s	362
lõppuks	s	362
kap	s	362
vakus	s	362
tšekaa	s	362
epiteel	s	361
idest	s	361
megasuur	a	360
läbiviiv	a	360
kubism	s	360
cit	s	360
shot	s	359
kodukiri	s	359
late	s	358
tsek	s	358
vatitups	s	358
plöga	s	358
vakants	s	358
lükopeen	a	357
jutujärg	s	357
lagundav	a	357
sodimine	s	356
jagatis	s	356
trükkal	s	356
tugipost	s	355
drop	s	355
katelok	s	353
õgard	s	353
köpa	s	353
regull	s	352
fekaalid	s	352
tega	s	352
tagapink	s	351
idatiib	s	351
slot	s	351
propaan	s	351
kadents	s	351
hägu	s	351
kõdi	s	351
lekk	s	350
kribu	s	350
ebe	s	349
reka	s	349
higilõhn	s	349
papüürus	s	349
läbivool	s	348
nukits	s	348
paduka	s	348
stipp	s	347
state	s	347
kodukal	s	346
jota	s	346
labe	s	345
müdin	s	344
nutifon	s	344
kätis	s	344
mittu	s	344
õpiabi	s	344
kõdunev	a	343
vapikilp	s	343
pikaveri	s	343
tattoo	s	343
tabamata	a	342
ridikül	s	342
papaia	s	341
odüsseia	s	341
igihali	s	341
akk	s	341
kateeter	s	341
ideestik	s	341
tikutoos	s	340
sigur	s	340
apostill	s	340
haka	s	340
kaguserv	s	338
lapakas	s	338
mik	s	338
hädaorg	s	337
mater	s	335
lätis	s	335
pikker	s	335
petukiri	s	335
kut	s	335
läbipesu	s	335
fetiš	s	335
krabisev	a	334
labak	s	334
natura	s	334
kogutu	s	334
abiandja	s	334
kodukool	s	333
lödipüks	s	333
vibe	s	333
häbe	s	332
kabetaja	s	332
lugend	s	331
õpilugu	s	331
opioidi	s	331
trakeen	s	331
progeja	s	330
õpimapp	s	330
räpakas	a	330
matu	s	329
cotta	s	329
label	s	329
vibur	s	329
pakihoid	s	328
takune	a	328
sit	s	328
kogumüük	s	327
papitükk	s	327
igalühel	s	327
nada	s	327
geko	s	327
stage	s	326
tupiktee	s	325
sagiv	a	325
mötte	s	325
tagakius	s	325
utiil	s	324
tragi	s	324
odaots	s	324
täpe	s	324
tutikas	s	324
triger	s	324
kaduvik	s	324
õppeaste	s	323
note	s	322
mikker	s	321
toto	s	321
etteanne	s	321
vaginoos	s	320
madalus	s	320
pudipadi	s	319
rebu	s	319
sobing	s	319
metoodik	s	318
pigimatt	s	318
superhea	s	318
reba	s	318
veganiks	s	318
ebakoht	s	317
tekkel	s	317
äbarik	a	316
netu	s	316
digileht	s	316
pättus	s	316
agonist	s	316
nokats	s	315
rotipoeg	s	315
latakas	s	315
äppe	s	315
hakab	s	315
apoptoos	s	315
mägiveis	s	315
sütevakk	s	314
ladestus	s	314
abimeede	s	314
padaorg	s	314
putinlik	a	313
kakaduu	s	313
tõkestav	a	313
liputaja	s	313
sudoku	s	312
kodurada	s	312
flat	s	312
libero	s	312
ebakaine	a	312
akutoide	s	311
job	s	311
motor	s	311
läbikäik	s	310
lõppakt	s	310
akaatsia	s	310
vöta	s	309
nobenäpp	s	309
ligane	a	309
fotokat	s	308
lodevus	s	308
itaalia	s	308
trükitav	a	307
gigi	s	307
matistav	a	306
ikkagist	s	306
ridamaja	s	306
dekanaat	s	306
vabasurm	s	306
detox	s	306
sabasulg	s	305
okultism	s	305
sitakott	s	305
kõdu	s	305
gladiool	s	305
vabalinn	s	305
hit	s	304
fotosilm	s	304
ketoos	s	304
modimine	s	303
kodukaup	s	303
okolaad	s	302
pedantne	a	301
nipet	s	301
sudo	s	301
hedonism	s	301
käpajälg	s	301
äke	s	301
südapäev	s	300
kepike	s	300
näd	s	300
mopp	s	300
ladestu	s	300
jibe	s	300
